{"cameraMode":{"drawMode":0,"name":"Shaded","section":"Shading Mode"},"sceneLighting":true,"audioPlay":false,"sceneViewState":{"m_AlwaysRefresh":false,"showFog":true,"showSkybox":true,"showFlares":true,"showImageEffects":true,"showParticleSystems":true,"showVisualEffectGraphs":true,"m_FxEnabled":true},"in2DMode":false,"pivot":{"x":-0.49619603157043459,"y":3.166572093963623,"z":-0.8245043754577637},"rotation":{"x":-0.32177281379699709,"y":-0.6469475626945496,"z":0.34873780608177187,"w":-0.5969242453575134},"size":3.6331307888031008,"orthographic":true}