{"cameraMode":{"drawMode":0,"name":"Shaded","section":"Shading Mode"},"sceneLighting":true,"audioPlay":false,"sceneViewState":{"m_AlwaysRefresh":false,"showFog":true,"showSkybox":true,"showFlares":true,"showImageEffects":true,"showParticleSystems":true,"showVisualEffectGraphs":true,"m_FxEnabled":true},"in2DMode":false,"pivot":{"x":-0.9682412147521973,"y":2.024904489517212,"z":-0.8271312713623047},"rotation":{"x":-0.18368498980998994,"y":-0.0830460861325264,"z":0.015565349720418454,"w":-0.9793786406517029},"size":2.453648090362549,"orthographic":true}